id;username;email;realm_id;user_id
0e401fcc-bc0d-4327-94c2-05d94bd66f63;cleverly;Vilma55@yahoo.com;a3cbd30a-60ea-4c97-8313-62c29dc0e5b2;12c8745c-463f-4161-9e27-b832e33e21a8
4f9a111c-fe9d-457d-a129-369d2b9fb41a;bowed inside sidetrack;Carlo_Marquardt@yahoo.com;70342412-aa64-4434-8964-5b7b2b22de5d;3c067b7e-4021-4d43-9148-5dca1665da75
2f7519fe-3f81-48e3-bbed-d60e2dc57481;next despite;Marilie.Pagac33@hotmail.com;696dcb74-8921-46ba-a388-137296ae3a3e;4a6374af-1ff9-422f-806c-1eba5c0b31ab
cab87f67-a011-4546-9596-14b23ee370e0;careless;Brigitte.Greenfelder28@yahoo.com;263dff99-fc43-4e7b-b970-64f0c99f717d;00f382a3-45e9-4d81-a00f-219eb870ea98
10d26fa9-0aa4-4848-bb61-67e5c345d6d3;doubtfully drat;Cecile98@gmail.com;75875b44-a177-42e3-9505-c33d6ff8e01c;f6eec7fd-bf6d-4909-b3b7-5ae27d8497e4
96753fd6-4901-4657-b11e-2c374054fd6e;once propound;Dedric31@yahoo.com;99882108-3d8b-41eb-b977-d27d6100c452;ba649aac-3d3a-4636-9352-afac10599d4c
f736f7b3-b8cb-4ed4-80c6-7ed61d5fb3f1;service;Eugene.Wolff@hotmail.com;892e43e9-bab5-4041-b438-49956329e744;795d76de-de30-4485-8251-ceb22233157b
f17c2042-d9d2-4b01-bd7e-4e58b0105522;godparent;Tania7@hotmail.com;54bd9224-eb76-438a-8040-1ea39067d450;7a126f80-68e2-4fd0-835e-31b7d67a428a
5691249c-ca6e-4672-bc43-1e237eef8d7e;provided versus;Johathan.Price@gmail.com;49acacd4-2e7d-4a02-8a1c-9686868c060a;b0a75294-7a2f-40c6-ae77-7f718ae6fbef
48a2326b-acbb-4667-989e-d37142cf19dc;athwart;Nayeli.Reilly@hotmail.com;62d54779-c2db-4206-8068-ce21849f571a;0d920e63-0f69-4e90-8bbc-699e39025c5b
