id;username;email;password_hash;created_at;keycloak_user_id
973398a2-50f1-498b-8b1d-34e96fc320db;weight pleased pfft;Maybell_Yost@hotmail.com;anesthetize upbeat how;2025-04-21T07:41:27;d8b90755-fb30-4334-9610-d097bbc479df
556af6d3-7a39-46fa-a11a-c71ffe3b31e5;gurn hm;Meredith_Lehner@hotmail.com;during sadly;2025-04-22T04:37:32;86db65eb-c0cc-4d65-bae7-946df1b053cc
922dbf2e-9a97-4830-8205-90781281d5c5;phooey across where;Treva.Stracke@gmail.com;outlying;2025-04-21T07:23:14;6562573e-3acf-4838-8594-e2b84eac0d04
cd99effb-3b10-4802-a65b-5b7c9f3892ec;zowie ugh;Lucinda62@gmail.com;given sonnet;2025-04-21T11:45:01;73f48d42-906e-40c8-9001-3ae3ce2bc2af
7feeb062-0e2b-4cbc-a8ac-0ca2d87b238a;fairly;Orion_Armstrong@hotmail.com;own whether blah;2025-04-21T20:28:42;497025d5-7134-48f8-8b7d-2cee84654e36
bdded805-ddeb-40b1-83af-41baacd83693;indeed;Bria_DuBuque@yahoo.com;partially amid eek;2025-04-21T18:08:46;1ae69476-9d02-4e2a-a49d-f53e8c978cf8
08203031-155b-45c8-9cc4-f247751003d5;now;Avery6@hotmail.com;pause up lender;2025-04-21T12:17:42;717d6818-3ddf-42b5-8b7f-89ae048ec7c8
dda7871e-c447-4a6a-b29a-048383cb616c;ew dearly never;Lynn_Conroy@yahoo.com;never;2025-04-21T09:46:08;ca99b0a7-6461-4599-9bb4-493da8cc1ecb
58f972c8-dac1-45ce-8de0-bbdd81fa5af8;joyous council;Holly_Batz51@gmail.com;whether though blacken;2025-04-21T18:23:40;b94de4c8-8204-4918-91c1-cc3b28f3618e
8e1e896c-9446-4458-9f47-29f0c3bf9248;amidst expense lean;Kian49@yahoo.com;orange instance;2025-04-21T15:04:19;cc3c53d4-f7a9-4651-891c-e86be0def21a
